<?xml version="1.0" encoding="UTF-8"?>
<project-private xmlns="http://www.netbeans.org/ns/project-private/1">
    <editor-bookmarks xmlns="http://www.netbeans.org/ns/editor-bookmarks/2" lastBookmarkId="0"/>
    <open-files xmlns="http://www.netbeans.org/ns/projectui-open-files/2">
        <group>
            <file>file:/C:/Users/ASUS/Desktop/CAR_B_BOX_Moon.X/CAR_B_BOX_MOON.X/header_file.h</file>
            <file>file:/C:/Users/ASUS/Desktop/CAR_B_BOX_Moon.X/CAR_B_BOX_MOON.X/main.c</file>
        </group>
    </open-files>
</project-private>
